Cluster,Keywords
big data and analytics,chatbot
big data and analytics,big data
big data and analytics,cloud
big data and analytics,alternative data
big data and analytics,artificial intelligence
big data and analytics,machine learning
big data and analytics,nlp
big data and analytics,trade analytics
big data and analytics,algorithmic trading
big data and analytics,natural language processing
big data and analytics,text analytic
big data and analytics,devops
big data and analytics,application programming interface
big data and analytics,data exchange
big data and analytics,data mall
big data and analytics,data analytic
big data and analytics,data analysis
blockchain and cryptocurrency,smart contracts
blockchain and cryptocurrency,initial coin offering
blockchain and cryptocurrency,data storage
blockchain and cryptocurrency,bitcoin
blockchain and cryptocurrency,crypto-asset
blockchain and cryptocurrency,digital currency
blockchain and cryptocurrency,distributed ledger 
blockchain and cryptocurrency,coin economies
cybersecurity,biometric
cybersecurity,tokenization 
cybersecurity,IoT
cybersecurity,internet of things
cybersecurity,cyber identity
cybersecurity,cybersecurity
cybersecurity,cyber security
cybersecurity,identity management
cybersecurity,privacy
payment system,payment processing
payment system,payment service
payment system,keyless payment
payment system,social payment
payment system,payment system
payment system,payment gateway
mobile technology,mobile payment
mobile technology,mobile trading
mobile technology,keyless payment
mobile technology,mobile money
mobile technology,mobile point of sale
trading and investments,social investing
trading and investments,automated investment advisory 
trading and investments,robotics process automation
trading and investments,high-frequency trading
trading and investments,robotic
trading and investments,roboadviser
trading and investments,robo-adviser
trading and investments,financial regulator
trading and investments,automated advice
trading and investments,financial record keeping
digital banking,voice banking
digital banking,digital wallet 
digital banking,digital banking
digital banking,digital assistant
digital banking,digital cash management
digital banking,platform as a service
digital banking,international remittance
digital banking,automated clearing house
digital banking,digital transformation
lending,P2P 
lending,crowdfunding
lending,digital lending
lending,peer-to-peer lending
lending,online lending
lending,shadow banking
other,fintech incubator
other,design thinking
other,regtech
other,regulatory technology
other,fintech
other,telematics
other,unbanked
other,underbanked
other,o2o
other,insurtech
other,online acquiring
other,bank-as-a-service
other,open banking
other,financial inclusion
other,instech
other,SaaS
other,transation review
